size,naive_avg,naive_std,tiled_avg,tiled_std,speedup
256,0.41319999999999996,0.004749736834815172,0.23759999999999998,0.024952755358877712,1.739057239057239
512,3.1022000000000003,0.007025667228100111,1.364,0.008602325267042592,2.2743401759530792
1024,22.8876,0.84564332906965,9.230799999999999,0.21017649725885154,2.4794817350608835
